{"cameraMode":{"drawMode":31,"name":"Sprite Mask","section":"Miscellaneous"},"sceneLighting":true,"audioPlay":false,"sceneViewState":{"showFog":true,"showMaterialUpdate":false,"showSkybox":true,"showFlares":true,"showImageEffects":true,"showParticleSystems":true},"in2DMode":false,"pivot":{"x":-2.465857982635498,"y":4.958197116851807,"z":1656.4869384765625},"rotation":{"x":-0.10736656934022904,"y":-0.1154596135020256,"z":0.01255456916987896,"w":-0.9874128103256226},"size":7.035457611083984,"orthographic":false}